step,success_rate,policy_entropy,kl_div,mean_advantage,adv_std,grad_norm,grad_second_moment
0,0.0,0.12635602708905935,0.0,-0.9406250044703484,0.10950377397239208,0.27628016471862793,1.377635565815577e-07
1,0.0,0.11788636539131403,0.004265846684575081,-0.9500000029802322,0.16343994438648224,0.3286994397640228,1.934483356072756e-07
2,0.0,0.11955143138766289,0.007298411801457405,-0.921875,0.14892240427434444,0.28275468945503235,1.4499527625007145e-07
